source1_entity_id	country	false_positive_ids	false_negative_ids	missed_by_blocking
S1-939374216	US		S2-867504598,S2-954503953,S3-598132849	S2-867504598,S2-954503953
S1-982608965	US		S3-913054084	
S1-878338340	US		S3-171234750	
S1-515311104	India		S2-586869266,S2-624497802,S3-218794998,S3-44445258	S2-586869266,S2-624497802,S3-218794998
S1-221666581	India		S2-411051398,S2-731373762,S3-2889743,S3-442715414,S3-888443679,S3-889423819	S2-411051398,S2-731373762,S3-2889743,S3-442715414,S3-888443679,S3-889423819
S1-191835415	US		S3-87813321	
S1-986793619	US		S2-32224714,S2-568063288,S3-235024144	
S1-737697716	India		S2-30566360,S2-315542863,S2-783864435,S2-897856789	S2-30566360,S2-315542863,S2-783864435,S2-897856789
S1-795188666	India		S2-829890524,S3-444456383	S2-829890524,S3-444456383
S1-943585886	US		S2-340477421	S2-340477421
S1-393246936	US		S2-472944498	
S1-287545736	India		S2-28294670	S2-28294670
S1-668284006	India		S2-316185897,S3-726558275	S2-316185897,S3-726558275
S1-597687100	US		S2-383623505	S2-383623505
S1-745238561	US		S3-104771588	
S1-909518556	India		S3-268590155	
S1-764843003	India		S2-216941525,S3-367333548,S3-487328260	S2-216941525,S3-367333548,S3-487328260
S1-296810020	India		S2-106976904,S2-213602794	S2-106976904,S2-213602794
S1-131098144	US	S3-390755266		
S1-95202155	India		S2-203741835,S2-539804658,S2-577326797,S3-428869949	S2-539804658
S1-312818746	India		S2-682495331,S3-221581800,S3-871028293	S2-682495331,S3-221581800,S3-871028293
S1-732003067	US		S2-959516153	S2-959516153
S1-377561850	India		S3-265697944	
S1-400214010	US		S2-40447652,S2-406075597	
S1-667478140	India	S2-130032664		
S1-301102040	India		S2-659729947,S3-326344956,S3-526841028	S2-659729947,S3-326344956,S3-526841028
S1-234038188	India		S2-21956858,S3-109206197,S3-647326737	S2-21956858,S3-109206197,S3-647326737
S1-74803087	India		S2-772071695,S3-14027418,S3-334540349	S2-772071695,S3-14027418,S3-334540349
S1-785501976	India		S3-417884929	S3-417884929
S1-681302889	India		S2-203763867,S3-114987828,S3-439051772	S2-203763867,S3-114987828,S3-439051772
S1-99026877	India		S2-818700620,S2-96734740	S2-818700620,S2-96734740
S1-943143314	India		S2-251759131,S2-644832722,S3-957976687	S2-251759131,S2-644832722,S3-957976687
S1-904006471	India		S2-107553221,S2-783935322	S2-107553221,S2-783935322
S1-959122499	US		S3-351757424,S3-925324306	
S1-10034519	US		S2-201039176	
S1-299473390	India		S2-889712429,S3-581282286,S3-942727590,S3-952813163	S2-889712429,S3-581282286,S3-942727590,S3-952813163
S1-308938587	US		S3-857049526	S3-857049526
S1-208008281	US		S3-763765216	S3-763765216
S1-134946760	US		S3-123598642	
S1-881000938	India		S2-926312298	S2-926312298
S1-756779642	India		S2-231169186,S3-921955265,S3-926247659	S2-231169186,S3-921955265,S3-926247659
S1-819328998	US	S3-160445453		
S1-346698617	US		S3-962156525	
S1-271924306	India		S3-287883194,S3-38085241	S3-38085241
S1-662228352	US		S3-322419362	
S1-661880928	US		S2-448433422,S2-743644076	
S1-707759130	US		S2-965564229	
S1-470440063	India		S2-283243433,S3-884934534	S2-283243433,S3-884934534
S1-737529353	India		S2-783255144,S3-280056874	S3-280056874
S1-286195121	US	S2-285879438		
S1-495079043	US		S2-975509648	
S1-138683537	US		S3-436624882,S3-981234270	S3-436624882,S3-981234270
S1-701901889	India		S3-219573696	S3-219573696
S1-144327216	India		S3-677140681	
S1-286674254	US		S2-284593944	
S1-987661798	India		S2-787701352	S2-787701352
S1-373808359	US		S2-814843270,S2-923475588	
S1-909523013	India		S3-994298646	S3-994298646
S1-978782840	India		S2-457583056	
S1-57558281	US		S2-331795850	S2-331795850
S1-979141905	US	S2-834596406		
S1-321039541	India		S2-216005291	S2-216005291
S1-397666458	India	S3-1437596		
S1-828868114	India		S3-137231667,S3-321989251,S3-33276807	S3-137231667,S3-33276807
S1-225663834	US		S2-223605028	
S1-751039214	India		S3-513536881	
S1-41072392	US		S2-525537335,S3-616753582	S3-616753582
S1-713916650	India		S2-632161218,S3-977139719	S2-632161218,S3-977139719
S1-501309978	India		S2-712606967,S3-289211665	S2-712606967
S1-576164081	US	S2-23908643	S2-45851126	S2-45851126
S1-381258631	India		S2-187522474,S2-57559388	S2-187522474,S2-57559388
S1-88523803	India		S2-937596442,S3-452549946	S2-937596442,S3-452549946
S1-836251558	US		S2-381816498	
S1-796633767	US		S3-910385622	
S1-462679687	India		S2-985474911,S3-158845614	S2-985474911,S3-158845614
S1-903350699	US		S2-892534455	
S1-66228214	India		S2-106971603,S3-951123744	S2-106971603,S3-951123744
S1-838079323	US		S3-674050871	
S1-553253982	US		S2-406327434	S2-406327434
S1-371995263	India		S2-162030134	
S1-609670944	India		S2-637375518,S3-296232992	S2-637375518,S3-296232992
S1-970955561	India		S2-516283690,S3-772862925	S2-516283690,S3-772862925
S1-545697926	India		S3-1063719	
S1-768445937	US		S3-241381126	S3-241381126
S1-464967321	US		S3-172409801	
S1-245248798	India		S2-176444464	S2-176444464
S1-787483075	US		S2-579622684,S3-182419400,S3-392177649	S2-579622684,S3-392177649
S1-162172493	India		S3-175302627	
S1-729721695	US		S3-19659845	S3-19659845
S1-730701709	India		S3-605188544	S3-605188544
S1-542129012	India	S3-411848021	S3-379929225	S3-379929225
S1-895547640	India	S3-612706850		
S1-230207575	US		S3-481706076	
S1-102772243	US		S3-561831891	S3-561831891
S1-420050732	India		S2-872953946	S2-872953946
S1-470490678	US		S2-223287378	S2-223287378
S1-536544933	India		S2-878837197,S3-246279617	S2-878837197,S3-246279617
S1-919213290	India		S2-369197829	S2-369197829
S1-789532113	India		S3-469250371	S3-469250371
S1-828835409	US	S3-619525186		
S1-414208195	US		S3-195510992	
S1-238719948	US		S2-328699075	
S1-962279686	US		S3-438431612	S3-438431612
S1-198277373	US		S2-481671433,S3-872179534	S2-481671433
S1-768993071	India		S2-802125580,S3-183265364	S2-802125580,S3-183265364
S1-223337836	India		S2-623012011,S2-709099483,S3-440670991	S2-623012011,S2-709099483,S3-440670991
S1-223001502	India		S2-288706040,S2-499627232,S2-554297938,S3-266194599	S2-288706040,S2-499627232,S3-266194599
S1-597028029	US		S3-187501944	S3-187501944
S1-124157229	India		S3-708751227	S3-708751227
S1-443736578	US	S3-804161468		
S1-201306479	India		S2-823887887	S2-823887887
S1-202705865	India		S2-587691372	
S1-775467262	US		S3-761123148	S3-761123148
S1-293208060	US		S3-612210502	
S1-412969699	India		S3-284875125	S3-284875125
S1-868686602	India		S2-640444086,S3-21053945,S3-452500599	S2-640444086,S3-21053945,S3-452500599
S1-781317117	US	S3-165933182		
S1-741061523	India		S2-706158179,S3-414727317	S2-706158179,S3-414727317
S1-104714288	US		S2-520258124	S2-520258124
S1-267688197	US		S2-477738760,S3-342068176	S2-477738760,S3-342068176
S1-308171326	US		S3-774474012	
S1-829211380	India		S2-526127157,S3-989627436	S2-526127157,S3-989627436
S1-822477961	US		S2-577950388	S2-577950388
S1-851214872	India		S2-414670862,S2-744150869	S2-414670862,S2-744150869
S1-253121843	India		S2-76651018,S3-344817199	S2-76651018,S3-344817199
S1-352361875	India		S3-529049175	
S1-167796904	India		S2-260023588,S2-898459402,S3-354787765	S2-260023588,S2-898459402,S3-354787765
S1-784903852	India		S2-212094245,S3-452360809	S2-212094245,S3-452360809
S1-340239539	India		S2-184155018	S2-184155018
S1-616187994	US	S2-34075776,S3-739718625	S2-547495230	
S1-73691996	US		S2-546854290	
S1-821443679	US	S3-550770625		
S1-1890289	US	S3-804131440	S3-366534260	
S1-348932891	India		S3-208216235	
S1-866918461	US		S2-287084057,S2-298819789,S2-328257043	S2-328257043
S1-216678354	India		S2-949457355	S2-949457355
S1-488388428	US		S3-997748816	
S1-443910450	India		S3-377997916	S3-377997916
S1-555202543	US	S2-428877701		
S1-509758837	India	S3-771260029		
S1-108628705	India		S2-713563666,S2-877591216	S2-713563666,S2-877591216
S1-346083990	India		S2-441599808	S2-441599808
S1-964635198	US		S3-900154940	S3-900154940
S1-344740717	India		S3-605764524	
S1-979230705	US		S2-392895848,S2-719769009	
S1-455906412	US		S3-527303931	
S1-750844342	India		S2-922188619	S2-922188619
S1-656192766	US	S3-995711807		
S1-69233553	US		S2-468379328,S3-615029264,S3-647213634	
S1-269428204	India		S2-274163963,S3-277658551,S3-504351862	S2-274163963,S3-277658551,S3-504351862
S1-457900237	India		S3-197767366	S3-197767366
S1-183240731	US		S3-373300549,S3-647800701	S3-373300549
S1-190516581	US		S3-749332936	
S1-828023753	US	S3-551215274		
S1-83439384	India	S2-768056966		
S1-118210633	US	S3-835046055		
S1-787238447	India		S2-465749996,S3-225873332,S3-737062568,S3-896450	S2-465749996,S3-225873332,S3-896450
S1-516284006	India		S2-30589709,S2-961284390	
S1-216662379	US		S3-279711605	S3-279711605
S1-962862293	US		S2-652889902,S3-887566338	
S1-190943208	US	S2-339037938		
S1-549778367	US	S2-494932465	S2-189263935	S2-189263935
S1-495582618	India		S2-696744477,S2-976436735	S2-696744477
S1-263997777	US	S2-754433014	S3-175468714	
S1-673306264	India	S2-712075798,S2-959122466		
S1-137572798	US		S3-190614586	S3-190614586
S1-106902371	India		S2-842218665,S3-769927559	S2-842218665,S3-769927559
S1-323627595	US		S2-603801107,S3-682499757	
S1-222854266	India		S3-635241895	S3-635241895
S1-666631056	India		S2-554702139,S3-377796205	S2-554702139,S3-377796205
S1-497324530	US		S3-731682113	S3-731682113
S1-596691713	India		S2-112717736,S2-445886311,S3-713233557	S2-112717736,S2-445886311,S3-713233557
S1-106691856	India		S2-731626575,S3-104020997,S3-211732230	S2-731626575,S3-104020997
S1-299677728	India		S3-495187466	S3-495187466
S1-774074459	India		S2-534471880,S3-723957417	
S1-565240711	India		S3-292432444	S3-292432444
S1-568096778	India		S2-743929690	
S1-178500973	India	S3-905704467,S3-938907235	S3-662813478,S3-945019197	S3-662813478,S3-945019197
S1-175733426	US		S2-551910081	S2-551910081
S1-658206232	India		S3-702883977	
S1-890038541	India		S3-765409476	
S1-766681032	India		S3-643335681	
S1-494937454	India		S3-632651994	
S1-280526829	India	S2-446868054	S2-141671909,S3-126369260	S3-126369260
S1-831706028	India		S2-2358381,S2-825838119	S2-2358381,S2-825838119
S1-581175829	US		S2-129514788	S2-129514788
S1-633590511	US		S2-852887047	
S1-106768821	US		S3-68836078	
S1-862668423	US		S3-912860227	
S1-916509907	US		S2-763843931	
S1-722352006	India		S3-882359629	S3-882359629
S1-849044708	India		S2-87937469,S3-253254696,S3-994577339	S2-87937469,S3-994577339
S1-565090856	India		S2-318923115	S2-318923115
S1-571122151	India		S3-631201326	
S1-847303438	India		S3-71462839	
S1-76072563	India		S2-781458737	S2-781458737
S1-165303814	US		S2-147587039	
S1-447679240	US		S3-60601049,S3-82658448	
S1-923057003	US		S2-163586826,S2-637456840	
S1-782171970	India	S3-524988711	S2-873903068	S2-873903068
S1-820544555	India		S2-901443607,S3-120381644	S2-901443607,S3-120381644
S1-446180254	India		S2-130438864,S2-841470821,S3-330817794,S3-965713107	S2-130438864,S2-841470821,S3-330817794,S3-965713107
S1-730475588	US		S3-575900330	
S1-409107433	India		S2-709754485,S3-643482616,S3-911033259	S2-709754485,S3-643482616,S3-911033259
S1-224306643	India		S2-544053336,S2-546181657,S3-746575475	S2-544053336,S2-546181657,S3-746575475
S1-566552402	India		S2-871260676	S2-871260676
S1-326141990	US	S3-46323498		
S1-792455527	India		S3-579857399	
S1-283396712	India		S2-83695911,S3-186377876	S2-83695911,S3-186377876
S1-261666122	US		S3-107458009	S3-107458009
S1-577893094	India		S3-417115361	
S1-232527382	India	S2-212250863	S3-876726674	
S1-551872237	India		S3-20986178	S3-20986178
S1-474896292	US	S3-784752743		
S1-561063222	India	S3-208921782	S3-282100813,S3-656709123	S3-282100813,S3-656709123
S1-762142980	US		S3-372232995,S3-698484303	S3-698484303
S1-271089148	India		S3-26434773	
S1-470921544	US		S3-332311581	
S1-63455159	US		S2-69411293	S2-69411293
S1-722783518	US		S3-133880724,S3-533933982,S3-947585159	
S1-44327012	India		S2-216641839,S3-639410592	S2-216641839,S3-639410592
S1-441866783	India		S3-372506193	
S1-529651992	US		S2-313642953,S2-363910906,S2-644457620,S3-539066237,S3-541754441	S3-541754441
S1-787171580	US		S2-390607897	
S1-812334352	US		S2-710626540,S3-410065187	S2-710626540
S1-121213864	India		S2-475427384,S2-934588369,S3-501378178	S2-475427384,S2-934588369,S3-501378178
S1-78084	India		S3-999637114	S3-999637114
S1-286226624	US		S2-478696524,S3-263924365	
S1-889675096	US		S2-520992100	
S1-182475590	India		S2-522302623,S3-171036427,S3-230684392	S3-171036427,S3-230684392
S1-323520196	India		S2-603324206,S3-415178158	S2-603324206,S3-415178158
S1-407749526	US		S3-525152507	
S1-362034748	India	S2-231828832		
S1-153065647	India		S2-878375889,S3-505521816	S2-878375889,S3-505521816
S1-400328898	US	S3-281669190		
S1-3488200	US	S2-168981937		
S1-850098573	India		S2-888121326,S3-305167640,S3-490887895,S3-986870014	S2-888121326,S3-305167640,S3-490887895,S3-986870014
S1-630814936	US		S2-410110885	
S1-424944431	India	S2-101392020		
S1-126884543	India		S2-514326544,S2-662563528,S3-134904847,S3-743072024	S2-514326544,S2-662563528,S3-134904847,S3-743072024
S1-69569667	India		S2-752695147,S3-724478980,S3-948312738	S2-752695147,S3-724478980,S3-948312738
S1-258145435	India		S2-435357768,S3-952174413	S2-435357768,S3-952174413
S1-328391255	US		S3-876981888	
S1-529699436	India		S2-295224219,S2-366068584,S3-781013995	S2-295224219,S2-366068584,S3-781013995
S1-750302288	US		S2-852595333	
S1-623798453	US		S2-531922414,S3-23727298,S3-813868585,S3-962471594	
S1-57700620	US		S2-618784066,S2-882410712,S3-291035626	S2-618784066,S2-882410712,S3-291035626
S1-542871318	US		S3-331674625,S3-393390152	S3-331674625,S3-393390152
S1-932354221	US	S2-665864469	S3-58091831,S3-606547012	S3-58091831,S3-606547012
S1-426538504	India		S2-82708123,S3-702322151,S3-927520084	S2-82708123
S1-750870232	US		S3-786396992	
S1-378262899	India		S2-522114163	S2-522114163
S1-646284949	India	S3-494100944		
S1-146579368	US		S2-85658194	
S1-296866791	India		S2-228864508	
S1-141505181	US		S3-209866990	S3-209866990
S1-297628930	India		S2-839177408,S3-182408374,S3-519088167	S2-839177408,S3-182408374,S3-519088167
S1-770502399	India		S2-716364626,S2-912281243,S3-396192690	S2-716364626,S2-912281243,S3-396192690
S1-223266801	US		S3-989743345	
S1-46323389	US	S2-81409105	S2-341826378	
S1-247514130	India		S2-210021198,S2-246010964	S2-210021198,S2-246010964
S1-158607038	US		S3-324672097	
S1-849999721	US		S3-707657730	
S1-794058096	US		S2-615677108	S2-615677108
S1-928052731	US	S3-339158495	S2-94654893	
S1-530040287	India		S2-326666092,S2-424407624	S2-424407624
S1-902435267	India		S2-535354655,S2-626501051,S3-821259322	S2-535354655,S2-626501051,S3-821259322
S1-317989469	India		S3-851473078	
S1-509383224	US	S3-152060276,S3-513296102	S3-199871074	
S1-736669879	India		S2-35633424,S2-89950493,S3-467725270,S3-542807576	S2-35633424,S2-89950493,S3-467725270,S3-542807576
S1-225272597	India		S2-723516535,S2-909038091,S3-624495041	S2-723516535,S2-909038091,S3-624495041
S1-485679485	US	S2-421932476	S3-697970548	S3-697970548
S1-883180140	US		S3-91719642	
S1-201626430	India		S2-524260450,S3-390430994,S3-841833336	S2-524260450,S3-390430994,S3-841833336
S1-324027126	India		S3-567490451	S3-567490451
S1-686474484	India		S2-329937519	S2-329937519
S1-575564978	US		S3-521811258	
S1-19387069	US		S2-992901987	
S1-560939768	India		S2-32710252,S3-151934782,S3-980725194	S2-32710252,S3-151934782,S3-980725194
S1-718649220	US		S2-813139651	
S1-359716709	US		S2-642347922	S2-642347922
S1-265806021	US		S3-204760875,S3-618567835	
S1-160468626	US		S3-307387038	
S1-2828480	US		S3-789283416	
S1-834764547	India		S2-649852319	S2-649852319
S1-507937523	US		S2-269566939	S2-269566939
S1-586509882	India		S2-221739992	S2-221739992
S1-887048165	India		S2-165084951,S2-36198235	S2-165084951,S2-36198235
S1-590992165	India		S2-594096794	S2-594096794
S1-117963738	US		S3-832457814	
S1-841648416	India		S3-632591854	
S1-49288604	India		S3-586532659	S3-586532659
S1-798279574	India	S2-219478061,S2-661159212		
S1-487663741	US		S2-517697902	S2-517697902
S1-572914364	India		S2-74335926,S3-282910995,S3-605207088	S2-74335926,S3-282910995,S3-605207088
S1-371285604	US		S2-101609619,S2-336666058,S2-695990957,S3-412734640,S3-554467951	S2-101609619,S2-336666058,S2-695990957,S3-554467951
S1-172115205	US		S2-700083798	S2-700083798
S1-383259097	India		S3-2968354	
S1-168035852	US	S3-598345478		
S1-971040	India		S2-364486171,S3-392821528	S2-364486171,S3-392821528
S1-292883709	India		S2-722209865	S2-722209865
S1-517141309	India		S2-9432893	S2-9432893
S1-769602246	India		S2-199182076,S2-94653613,S3-401744163,S3-730748059	S2-199182076,S2-94653613,S3-401744163,S3-730748059
S1-313124453	India		S2-189361105,S2-23399807,S2-475018033	S2-189361105,S2-23399807,S2-475018033
S1-637143663	India		S2-521070666,S3-460128245	S2-521070666
S1-772483279	US		S3-120951816	
S1-565621204	US	S2-944254295		
S1-385494785	India		S2-894159824	S2-894159824
S1-401147768	US		S3-45990797	S3-45990797
S1-676568001	US		S3-501252398	
S1-954021555	India		S2-581433231	S2-581433231
S1-953791741	India		S2-539122974,S3-956580738	S2-539122974,S3-956580738
S1-601957443	India		S3-137811999	S3-137811999
S1-647954457	India		S2-308021929	S2-308021929
S1-860815483	US		S3-28805874	
S1-577695088	India	S3-253655259	S3-496221392	S3-496221392
S1-383263083	India		S2-839477297,S3-489017060,S3-981438680	S2-839477297,S3-489017060,S3-981438680
S1-441168592	India	S2-640682968	S2-504601772,S3-170345938	
S1-514653206	India		S2-869750343,S3-281501930,S3-577465898,S3-873235315,S3-97142430	S2-869750343,S3-281501930,S3-577465898,S3-873235315
S1-314759477	US		S3-666069274,S3-85380368	S3-666069274
S1-605263467	US		S3-150005605,S3-524258888,S3-984193899	
S1-756423038	US	S3-721578728		
S1-906716917	US		S3-457778265	S3-457778265
S1-111176764	India		S3-730704348	
S1-21385351	US		S2-510679763,S3-131815396	S2-510679763,S3-131815396
S1-572415598	US	S2-564777277	S3-797273067	S3-797273067
S1-490486397	India		S3-797273700	S3-797273700
S1-756784423	India	S3-524625436	S3-860968740	S3-860968740
S1-144137804	US		S2-785801125	S2-785801125
S1-64317544	India		S2-694321073,S3-277891171	S2-694321073,S3-277891171
S1-246776666	India		S2-357087843,S2-514453728,S3-710270521	S2-357087843,S2-514453728,S3-710270521
S1-343536591	US		S2-988130265	S2-988130265
S1-153944687	India		S2-996262447,S3-390900958,S3-877696129	S2-996262447,S3-390900958
S1-498743736	US		S3-921644539	S3-921644539
S1-738403766	India		S2-27105340,S2-847149580	S2-27105340,S2-847149580
S1-741249379	India		S2-745156426	S2-745156426
S1-968657897	India		S2-111816205,S2-188344491,S2-242707371,S2-872859165	S2-111816205,S2-188344491,S2-242707371,S2-872859165
S1-320796793	India		S2-470122595,S3-721632671	S2-470122595,S3-721632671
S1-195681732	US		S2-12568964,S2-851776241	
S1-517837618	India		S2-637708042	S2-637708042
S1-785304160	India		S2-232746468,S3-883824173	
S1-74213050	India		S2-149741884,S2-961883219	S2-149741884,S2-961883219
S1-107867575	US		S2-59423438	S2-59423438
S1-933048838	India		S2-595611110,S2-798442419,S2-857581571	S2-595611110,S2-798442419,S2-857581571
S1-95519015	India		S2-563025544	S2-563025544
S1-365548803	India		S2-713247205,S3-804499800,S3-95343122	S2-713247205,S3-804499800,S3-95343122
S1-270856428	India		S3-712765883,S3-999780090	S3-712765883,S3-999780090
S1-981998132	India		S3-787908368	S3-787908368
S1-988877411	India		S2-260568813,S3-43548955,S3-814463823	S2-260568813
S1-50366984	India		S2-144872790	
S1-496153551	India		S3-935504505	S3-935504505
S1-17155272	India		S2-800271246,S3-544943314,S3-615647823,S3-828842740	S2-800271246,S3-615647823,S3-828842740
S1-70639838	US		S2-995123325	S2-995123325
S1-393623328	India	S3-521290371	S2-240490771,S2-269356794	S2-240490771,S2-269356794
S1-394438811	India		S2-186061807	S2-186061807
S1-673273132	India		S2-695423409,S3-670673498	S2-695423409,S3-670673498
S1-832809894	US		S2-517737342	S2-517737342
S1-345283821	US		S2-1488907	S2-1488907
S1-968960314	India	S2-11185545		
S1-47518092	US		S3-907524198	
S1-198698803	US		S2-707942070,S3-29746580	S2-707942070,S3-29746580
S1-370499270	US		S3-167587320,S3-846453592,S3-973255942	
S1-952974182	India		S2-580753426,S3-167069917,S3-326544397,S3-762215845	
S1-360742739	India		S2-372640606,S2-501467668,S3-942127203,S3-994977884	S3-994977884
S1-474726372	India		S2-962505535	S2-962505535
S1-818988177	India		S2-659580231	S2-659580231
S1-318696431	US		S2-159804364	S2-159804364
S1-503318270	US		S2-490016522	
S1-290625512	India		S3-743661066	S3-743661066
S1-656161777	US		S2-613253715	S2-613253715
S1-228652830	India		S2-924903001	S2-924903001
S1-566995306	US		S3-638546051	S3-638546051
S1-911703102	India		S2-103081109	S2-103081109
S1-599357007	US	S2-553846855		
S1-253972062	India		S2-185864025	
S1-16174449	India		S2-400138667,S3-524358143	S3-524358143
S1-358115052	India		S2-968401154,S3-640465139,S3-804153177	S2-968401154,S3-640465139
S1-616610197	US		S3-688558777	S3-688558777
S1-292579001	India		S2-282788324,S2-334863090,S3-580354461	S2-334863090,S3-580354461
S1-234064197	India	S3-589734811	S2-696466437,S3-336503640	S2-696466437,S3-336503640
S1-361699927	India		S3-296600065,S3-860827381	S3-296600065
S1-442285949	US		S3-709309593	S3-709309593
S1-22744074	US		S2-538043312,S2-851778736	
S1-395887338	US		S3-704533903	
S1-901744062	India		S2-313275670	S2-313275670
